{
  "logout": [
    {
      "pmeId": "proxy",
      "id": 1
    },
    {
      "pmeId": "proxy",
      "id": 2
    }
  ],
  "authenticate": {
    "tipo": "USUARIO_PORTAL"
  },
  "metalogin": {
    "listaPerfil": [],
    "visao": "PRIV",
    "suportaTelaLogin": true,
    "exibeLinkHabilita": false,
    "exibeLinkMaisInformacoes": false,
    "suportaSelecaoPerfil": true,
    "suportaLoginMock": true,
    "ehLoginHabilitador": false
  },
  "ping": {
    "dueId": "proxy"
  },
  "links": [],
  "correio": [],
  "assuntos": [
    {
      "id": 1,
      "sigla": "exp",
      "titulo": "Exportação",
      "descricao": "Registro e acompanhamento de cargas e declarações de exportação, e anexação eletrônica de documentos",
      "hint": "Registro e acompanhamento de cargas e declarações de exportação, e anexação de documentos",
      "cor": "#5ba246",
      "ativo": true,
      "pagina": "default",
      "itensMenu": [],
      "paginaDefault": false
    },
    {
      "id": 2,
      "sigla": "imp",
      "titulo": "Importação",
      "descricao": "Acompanhamento de processos de importação e anexação eletrônica de documentos",
      "hint": "Acompanhamento de processos de importação e anexação eletrônica de documentos",
      "cor": "#3c85aa",
      "ativo": true,
      "pagina": "default",
      "itensMenu": [],
      "paginaDefault": false
    }
  ],
  "session": {
    "visao": "PRIV",
    "ambiente": "PRO",
    "exibeVersao": true,
    "exibeVersaoBuild": true,
    "exibeHeader": true,
    "suportaRepresentacao": true,
    "suportaAutocomplete": true,
    "logoutUnico": false,
    "exibeContadorTimeout": true,
    "nomeUsuario": "USUÁRIO_99999999999",
    "idUsuario": "999.999.999-99",
    "timeout": 3600000,
    "detalhes": [
      "Perfil",
      "Importador/Exportador/Despachante"
    ],
    "representacoes": [
      {
        "id": "00000000000191",
        "codigo": "00.000.000/0001-91",
        "tipoPessoa": "PESSOA_JURIDICA",
        "tipoModalidade": "AMBOS",
        "responsavelLegal": false
      }
    ]
  },
  "user": {
    "tipo": "PESSOA_FISICA",
    "id": "99999999999",
    "descricao": "Usuário_99999999999",
    "perfis": [
      {
        "id": "IMPEXP",
        "descricao": "Importador/Exportador/Despachante",
        "transacoes": [
          "CCTRREGREC",
          "VICXOPAIMP",
          "TALPMANPED",
          "DUEXCONDUE",
          "VICXCONSDI",
          "DUEXINCDUE",
          "DUEXBLQEMB",
          "VICXINFGER",
          "CCTRMANDAT",
          "VICXCONSLI",
          "CCTRCANDAT",
          "VICXCONSRE",
          "CCTRRETMAN",
          "CCTRREGMAN",
          "CCTRREGENT",
          "CCTRANTACD",
          "CCTRPOSACD",
          "VICXOPAEXP",
          "DUEXALTDUE",
          "DUEXCANDUE",
          "DUEXCONRES",
          "VICXCONSDE",
          "TALPCONLPC",
          "CCTRCANREC",
          "ANEXANEXAR",
          "CCTRIMPDAT"
        ]
      }
    ],
    "visao": "PRIV",
    "controleAcesso": "PUCOMEX_MOCK",
    "cpf": "99999999999",
    "nome": "Usuário_99999999999",
    "pessoaJuridica": false,
    "pessoaFisica": true,
    "acionadorBatch": false,
    "sistemaInterno": false,
    "sistemaExterno": false
  }
  
}